BTS is 7,b'Did bighit forget that bts is a 7 member group and not 6 jin literally had no lines'
BTS is 7,b'RT @jeonbubbles: BTS IS 7.'
BTS is 7,"b""RT @jinnieslamp: Please make content that include all 7 members without excluding anyone.\nIn the 'Dynamite' MV, one member didn't have his\xe2\x80\xa6"""
BTS is 7,"b""RT @07Winterbear: Jin deserves better! BTS is 7 NOT 6! And I hope ya'll realise that! #JinDeservesBetter https://t.co/qv9tpICp7C"""
BTS is 7,"b""RT @Hope82766385: -seokjin cut from the magazines\n-seokjin got fewer line \n-seokjin didn't have solo part \n-seokjin cut his part on Dynamit\xe2\x80\xa6"""
BTS is 7,b'RT @stiIlxntoyou: Lo eres todo me oyes? \n\n\xe2\x9d\x97\xe2\x9d\x97\xe2\x9d\x97\xe2\x9d\x97  BTS IS 7 \xe2\x9d\x97\xe2\x9d\x97\xe2\x9d\x97\xe2\x9d\x97\nhttps://t.co/idUvofFdUz'
BTS is 7,"b'RT @MiraMay77058726: BTS IS 7 We cannot differentiate them We love them all, we laugh with them all, we cry with them all, we support them\xe2\x80\xa6'"
BTS is 7,"b'RT @DauntlessLetty: Whenever the members are asked what they want to wish, Seokjin always say ""Happiness for ARMY"" \xf0\x9f\xa5\xba\xf0\x9f\x92\x9c\n\nBTS IS 7, Bighit ple\xe2\x80\xa6'"
BTS is 7,b'RT @Jose_Tohidi: I\xe2\x80\x99m not an Army but I think we all agree that seokjin is the bestest boy \n\nHe is INSANELY TALENTED \nHe works really hard a\xe2\x80\xa6'
BTS is 7,"b""RT @Jinsbxlls: Hello @BigHitEnt fans have noticed that the recently released EDM version of Dynamite omitted member Seokjin's part complete\xe2\x80\xa6"""
BTS is 7,b'RT @meherwanie: @pjmprints BTS IS 7\xf0\x9f\x92\x9c\nbts is not bts without kim namjoon\xf0\x9f\x92\x9c\nbts is not bts without kim seokjin\xf0\x9f\x92\x9c\nbts is not bts without min yoo\xe2\x80\xa6'
BTS is 7,"b'RT @jinnieslamp: BTS is 7. Each member is important, loved &amp; supported by many which is why it is disappointing that the company itself has\xe2\x80\xa6'"
BTS is 7,b'RT @jeonbubbles: BTS IS 7.'
BTS is 7,b'RT @seokjinpogi_: remember when seokjin wrote an english letter for international ARMYs and he was apologizing for not being good at Englis\xe2\x80\xa6'
BTS is 7,b'@moondustaejin BTS IS 7'
BTS is 7,b'RT @jeonbubbles: BTS IS 7.'
BTS is 7,b'RT @VStreamTeam: BTS is 7. This isn\xe2\x80\x99t the first time it\xe2\x80\x99s happened that certain members get replaced or excluded from content. \nIt\xe2\x80\x99s happen\xe2\x80\xa6'
BTS is 7,"b""RT @jinnieslamp: Please make content that include all 7 members without excluding anyone.\nIn the 'Dynamite' MV, one member didn't have his\xe2\x80\xa6"""
BTS is 7,"b'RT @bts0212army: @BigHitEnt We have noticed that in the dynamite remix the voice of SeokJin and Jhope have been deleted, please we would li\xe2\x80\xa6'"
BTS is 7,"b""RT @Pinkieseokjinie: Karma always strikes back!!\nDon't be afraid to speak for your loved ones.\n\nBTS IS 7\n\n#JinDeservesBetter https://t.co/o\xe2\x80\xa6"""
BTS is 7,b'Hello \n@BigHitEnt\n we have noticed that you chose to release EDM version of Dynamite when Seokjin an artist under y\xe2\x80\xa6 https://t.co/Eu7NIKjlLu'
BTS is 7,"b""RT @tasmiaritu: These pictures of Seokjin brought tears to my eyes. My mind is fully blank now! I can't imagine how he endures all of these\xe2\x80\xa6"""
BTS is 7,b'@BigHitEnt @bts_bighit Hi \n\n@BigHitEnt\n\nWe have noticed that in the dynamite remix the voice of SeokJin have been d\xe2\x80\xa6 https://t.co/u79KeXcUij'
BTS is 7,"b'RT @vminggukx: IF YOU SEE THIS TWEET, REPLY WITH BTS IS 7!  https://t.co/uXhOsrPIq8'"
BTS is 7,b'how is painful to hear that bighit please stop BTS IS. 7!! #JinDeservesMore #SEOKJIN #JinDeservesBetter #btsis7 https://t.co/aOqmcoPcRk'
BTS is 7,"b""RT @stussyjimin: Hello @AppleMusic @AppleSupport\nWe've noticed the photo used for BTS 'Dynamite' music video that's been posted on your pla\xe2\x80\xa6"""
BTS is 7,"b'RT @DauntlessLetty: Whenever the members are asked what they want to wish, Seokjin always say ""Happiness for ARMY"" \xf0\x9f\xa5\xba\xf0\x9f\x92\x9c\n\nBTS IS 7, Bighit ple\xe2\x80\xa6'"
BTS is 7,b'RT @VStreamTeam: BTS is 7. This isn\xe2\x80\x99t the first time it\xe2\x80\x99s happened that certain members get replaced or excluded from content. \nIt\xe2\x80\x99s happen\xe2\x80\xa6'
BTS is 7,"b""RT @borahaecloset: Seokjin and taehyung are always mistreated by bighit they removed jin's part from dynamite remix just like they did with\xe2\x80\xa6"""
BTS is 7,"b'RT @tanniekosmossss: If you\xe2\x80\x99re an ot7 stan, balance this ARMYS.\n\nBTS is 7       BTS is 7       BTS is 7'"
BTS is 7,b'@taehyungyiii BTS IS 7'
BTS is 7,b'RT @jeonbubbles: BTS IS 7.'
BTS is 7,b'RT @tanniekosmossss: These letters of Jin are literally the most precious things ever. He deserve more than anything. He deserve nothing bu\xe2\x80\xa6'
BTS is 7,"b""RT @borahaecloset: Seokjin and taehyung are always mistreated by bighit they removed jin's part from dynamite remix just like they did with\xe2\x80\xa6"""
BTS is 7,b'RT @vminggukx: so who\xe2\x80\x99s the best boy and deserves better? yes seokjin does. please hear us out. BTS is 7 ffs! https://t.co/qe7BWxqjUw'
BTS is 7,b'RT @archivesgguks: \xf0\x9f\x91\x89BTS IS 7\xf0\x9f\x91\x88\n\n\xe2\x80\xa2BTS IS NOT BTS WITHOUT KIM SEOKJIN.\n\xe2\x80\xa2BTS IS NOT BTS WITHOUT KIM NAMJOON.\n\xe2\x80\xa2BTS IS NOT BTS WITHOUT JEON JUNGK\xe2\x80\xa6'
BTS is 7,b'RT @kimJohayna: Bts are 7 Members\xe2\x9c\xa8\xf0\x9f\x92\x9c.\nKim Namjoon.\nKim Seokjin.\nMin Yoongi.\nJung Hoseok.\nPark Jimin.\nKim Taehyung.\nJeon Jungkook.\n\n\xe2\x98\x85Love All\xe2\x80\xa6'
BTS is 7,"b""RT @Hope82766385: -seokjin cut from the magazines\n-seokjin got fewer line \n-seokjin didn't have solo part \n-seokjin cut his part on Dynamit\xe2\x80\xa6"""
BTS is 7,"b""without soekjin there's no BTS and also without  other 6member there's no BTS \nBTS is 7#JinDeservesBetter https://t.co/NqWTguCfZ4"""
BTS is 7,b'RT @cheerlynamu_: Bts is nothing without Kim namjoon.. Kim seokjin.. Min yoongi.. Jung hoseok.. Park jimin.. Kim taehyung.. Jeon jungkook..\xe2\x80\xa6'
BTS is 7,"b'Hi @BigHitEnt We have noticed that in the dynamite remix the voice of SeokJin and Jhope have been deleted, please w\xe2\x80\xa6 https://t.co/mEQlOz2kli'"
BTS is 7,b'RT @btsworldwider: .@BTS_twt \xe2\x80\x98Boy With Luv\xe2\x80\x99 MV is 91 million streams away from reaching 1 billion views on Youtube!'
BTS is 7,b'RT @jeonbubbles: BTS IS 7.'
BTS is 7,b'RT @sceneryfortae: @BigHitEnt BTS IS 7 &amp; all members should be treated fairly &amp; given EQUAL opportunities bcz they are all talented.\nPlease\xe2\x80\xa6'
BTS is 7,b'@taegitch bts is 7'
BTS is 7,"b'RT @jinsdata: #JinDeservesBetter, BTS IS 7 and 2seok are trending on twitter. Seokjinnies keep tweeting! https://t.co/h8dOkdsR9q'"
BTS is 7,b'@hopemlks BTS IS 7'
BTS is 7,"b""RT @jinnieslamp: Please make content that include all 7 members without excluding anyone.\nIn the 'Dynamite' MV, one member didn't have his\xe2\x80\xa6"""
BTS is 7,"b""RT @tasmiaritu: These pictures of Seokjin brought tears to my eyes. My mind is fully blank now! I can't imagine how he endures all of these\xe2\x80\xa6"""
BTS is 7,b'@vminggukx bts is not bts without kim namjoon\nbts is not bts without kim seokjin\nbts is not bts without min yoongi\xe2\x80\xa6 https://t.co/BXU13I8z41'
BTS is 7,b'RT @gloomybluex: All members in bts are recpectful and important. Theres no bts without one of them. BTS IS 7.\n#JinDeservesBetter https://t\xe2\x80\xa6'
BTS is 7,b'RT @taesjinn: BTS IS 7 AND NOT 6. BIGHIT BEEN DOING JIN DIRTY SINCE 2013. ENOUGH IS ENOUGH.\n\nITS NOT THAT HARD TO TREAT EVERY MEMBER RIGHT.\xe2\x80\xa6'
BTS is 7,"b""YOU'RE OT7 RIGHT??????????? BALANCE THIS IF YOU'RE AN OT7 \xf0\x9f\xa5\xba\n\nBts is 7       Bts is 7       Bts is 7"""
BTS is 7,"b""RT @Jiminpicss: Hello @BigHitEnt fans have noticed that the recently released EDM version of Dynamite omitted member Seokjin's part complet\xe2\x80\xa6"""
BTS is 7,b'RT @seokjinmylabsss: I think we all agree that seokjin is the bestest boy \xf0\x9f\xa5\xba\nBTS IS 7 https://t.co/hRJrffJtNP'
BTS is 7,"b'RT @lovefromjikook: Please remember that BTS IS 7 applies to PARK JIMIN, too. \n\nThis is for every member but now it\xe2\x80\x99s currently for KIM SEO\xe2\x80\xa6'"
BTS is 7,"b'RT @DauntlessLetty: Whenever the members are asked what they want to wish, Seokjin always say ""Happiness for ARMY"" \xf0\x9f\xa5\xba\xf0\x9f\x92\x9c\n\nBTS IS 7, Bighit ple\xe2\x80\xa6'"
BTS is 7,b'@BigHitEnt very disappointed that cutting out a member has been happening often. bts is 7 and we love and adore eve\xe2\x80\xa6 https://t.co/akLom7h05s'
BTS is 7,b'RT @jiminoosaurus: BTS is 7 bruh. always remember.'
BTS is 7,b'RT @jeonbubbles: BTS IS 7.'
BTS is 7,b'RT @iwuvbtsssss: I do believe that BTS IS 7. They are called BTS because they are 7.They put so much hard work to achieve everything.But pl\xe2\x80\xa6'
BTS is 7,b'RT @Shazam: #ARMY! @BTS_twt is back with #Dynamite. Stream &amp; Shazam our Song of the Day: https://t.co/IekYqlOpjD \xf0\x9f\x92\x99\xf0\x9f\xa7\xa8 #ShazamBTS https://t.co\xe2\x80\xa6'
BTS is 7,b'@BTSNiikii @BTS_twt BTS IS 7'
BTS is 7,"b'RT @EXPENSIVEMENBTS: If this works, reply ""BTS is 7""! https://t.co/e7OAcg6F0i'"
BTS is 7,"b""RT @dailyjoonie: Having bias or not, reply BTS IS 7 or you are not an OT7 stan. Let us see who's true here."""
BTS is 7,"b""RT @its_sree7: 2seok deserves everything.\nThey are so precious.\nLet's love BTS without leaving any member out.\nBTS is 7 https://t.co/4KLylF\xe2\x80\xa6"""
BTS is 7,b'@saraam0_0 @BTS_twt BTS IS 7'
BTS is 7,b'@mollajoon BTS IS 7 \xf0\x9f\x92\x9c\xf0\x9f\x92\x9c\xf0\x9f\x92\x9c\xf0\x9f\x92\x9c\xf0\x9f\x92\x9c\xf0\x9f\x92\x9c\xf0\x9f\x92\x9c'
BTS is 7,b'RT @Plainnnnnnnnn: BTS is 7\nWithout Jin is not BTS. \nWithout SUGA is not BTS. \nWithout J-hope is not BTS. \nWithout  RM is not BTS. \nWithout\xe2\x80\xa6'
BTS is 7,b'@innertaeyhung without seokjin there\xe2\x80\x99s no BTS. \n\nwithout namjoon there\xe2\x80\x99s no BTS.\n\nwithout yoongi there\xe2\x80\x99s no BTS.\n\nw\xe2\x80\xa6 https://t.co/giWLArq8fC'
BTS is 7,b'@soperealove @BigHitEnt BTS IS 7'
BTS is 7,b'RT @sceneryfortae: @BigHitEnt BTS IS 7 &amp; all members should be treated fairly &amp; given EQUAL opportunities bcz they are all talented.\nPlease\xe2\x80\xa6'
BTS is 7,b'RT @jeonbubbles: BTS IS 7.'
BTS is 7,b'@Bangtann_ir BTS IS 7    BTS IS 7   BTS IS 7'
BTS is 7,b'BTS IS 7 \xe2\x9c\x8c\xf0\x9f\x8f\xbc\xf0\x9f\x92\x9c'
BTS is 7,b'RT @LNguynTrang2: Dear @BigHitEnt \nWhy Seokjin doesn\xe2\x80\x99t have any lines in \xe2\x80\x9cDynamite EDM mix\xe2\x80\x9d\n#JinDeservesBetter \nBTS IS 7 https://t.co/dMKZU\xe2\x80\xa6'
BTS is 7,b'RT @pinkseesaw: the way bighit always push that bts is 7 agenda but always  give seokjin the bare minimum in lines and screentimes they don\xe2\x80\xa6'
BTS is 7,"b""RT @jimipics: Hello @AppleMusic @AppleSupport\nWe've noticed the photo used for BTS 'Dynamite' music video that's been posted on your platfo\xe2\x80\xa6"""
BTS is 7,b'RT @KTH_Streamer: BTS is 7. There are continuous occasions Where some Particular members are repeatedly left out or have least Share. They\xe2\x80\xa6'
BTS is 7,b'RT @jimibread: bts is forever 7. will always be 7. https://t.co/vlY6GxFsP8'
BTS is 7,b'@dailyjoonie BTS IS 7\xf0\x9f\x92\x9c\nBTS IS 7\xf0\x9f\x92\x9c\nBTS IS 7\xf0\x9f\x92\x9c\nBTS IS 7\xf0\x9f\x92\x9c\nBTS IS 7\xf0\x9f\x92\x9c\nBTS IS 7\xf0\x9f\x92\x9c\nBTS IS 7\xf0\x9f\x92\x9c\nBTS IS 7\xf0\x9f\x92\x9c\nBTS IS 7\xf0\x9f\x92\x9c\nBTS IS 7\xf0\x9f\x92\x9c\nBT\xe2\x80\xa6 https://t.co/EiLlA0XDiK'
BTS is 7,"b'RT @DauntlessLetty: Whenever the members are asked what they want to wish, Seokjin always say ""Happiness for ARMY"" \xf0\x9f\xa5\xba\xf0\x9f\x92\x9c\n\nBTS IS 7, Bighit ple\xe2\x80\xa6'"
BTS is 7,b'BTS IS 7 https://t.co/8ybyicCIYC'
BTS is 7,b'@maetaeh BTS IS 7'
BTS is 7,"b'@MotArmys Hi \n@BigHitEnt\n We have noticed that in the dynamite remix the voice of SeokJin have been deleted, please\xe2\x80\xa6 https://t.co/kwdYZ1WSgo'"
BTS is 7,b'@seoksci BTS is 7'
BTS is 7,b'RT @carr0tarea: BTS IS 7 \n#SEOKJIN called us his moon and we love you to the moon and back. He deserved MORE. \n#JinDeservesBetter @BigHitEn\xe2\x80\xa6'
BTS is 7,b'RT @jeonbubbles: BTS IS 7.'
BTS is 7,b'RT @jeonbubbles: BTS IS 7.'
BTS is 7,"b'RT @DauntlessLetty: Whenever the members are asked what they want to wish, Seokjin always say ""Happiness for ARMY"" \xf0\x9f\xa5\xba\xf0\x9f\x92\x9c\n\nBTS IS 7, Bighit ple\xe2\x80\xa6'"
BTS is 7,b'@geniusie_ BTS IS 7'
BTS is 7,b'@nrgesbahari75 BTS IS 7 https://t.co/nTKcJjqinq'
BTS is 7,"b'RT @adorejmjk: BTS is 7 but when it is about jimin y\xe2\x80\x99all silent huh, you stink'"
BTS is 7,"b""RT @dailyjoonie: Having bias or not, reply BTS IS 7 or you are not an OT7 stan. Let us see who's true here."""
BTS is 7,"b'RT @EXPENSIVEMENBTS: If this works, reply ""BTS is 7""! https://t.co/e7OAcg6F0i'"
BTS is 7,b'RT @taeginjske_lion: here just to remind you bighit that NO ONE can ever hitting a triple high note like how seokjin does BTS IS 7\nhttps://\xe2\x80\xa6'
BTS is 7,b'RT @seokjinsel: BTS IS 7'
BTS is 7,"b'Hi @BigHitEnt We have noticed that in the dynamite remix the voice of SeokJin have been deleted, please we would li\xe2\x80\xa6 https://t.co/mMS6zFCaur'"
BTS is 7,"b""RT @borahaecloset: Seokjin and taehyung are always mistreated by bighit they removed jin's part from dynamite remix just like they did with\xe2\x80\xa6"""
BTS is 7,"b'RT @jinnieslamp: BTS is 7. Each member is important, loved &amp; supported by many which is why it is disappointing that the company itself has\xe2\x80\xa6'"
